station;termin;nat_abbr;rh9120mv;rhs150m0
536;19010101000000;AIR;25;27.2
536;19010201000000;AIR;59;48.4
536;19010301000000;AIR;292;289.2
536;19010401000000;AIR;185;280.3
536;19010501000000;AIR;47;86.0
536;19010601000000;AIR;117;204.9
536;19010701000000;AIR;170;226.5
536;19010801000000;AIR;58;102.2
536;19010901000000;AIR;82;155.0
536;19011001000000;AIR;142;308.4
536;19011101000000;AIR;17;36.9
536;19011201000000;AIR;219;251.8
536;19020101000000;AIR;75;80.1
536;19020201000000;AIR;159;130.5
536;19020301000000;AIR;308;305.7
536;19020401000000;AIR;50;75.0
536;19020501000000;AIR;71;129.9
536;19020601000000;AIR;66;115.6
536;19020701000000;AIR;91;120.5
536;19020801000000;AIR;183;320.5
536;19020901000000;AIR;65;123.5
536;19021001000000;AIR;104;225.2
536;19021101000000;AIR;48;105.3
536;19021201000000;AIR;68;78.2
536;19030101000000;AIR;70;75.2
536;19030201000000;AIR;44;36.0
536;19030301000000;AIR;135;134.2
536;19030401000000;AIR;130;196.6
536;19030501000000;AIR;149;274.8
536;19030601000000;AIR;100;175.3
536;19030701000000;AIR;221;293.9
536;19030801000000;AIR;111;194.9
536;19030901000000;AIR;59;112.0
536;19031001000000;AIR;119;257.5
536;19031101000000;AIR;49;106.8
536;19031201000000;AIR;155;177.9
536;19040101000000;AIR;34;36.5
536;19040201000000;AIR;294;241.0
536;19040301000000;AIR;118;117.4
536;19040401000000;AIR;85;128.8
536;19040501000000;AIR;87;160.9
536;19040601000000;AIR;87;152.9
536;19040701000000;AIR;56;74.2
536;19040801000000;AIR;27;47.3
536;19040901000000;AIR;79;149.4
536;19041001000000;AIR;16;35.3
536;19041101000000;AIR;21;46.7
536;19041201000000;AIR;52;59.2
536;19050101000000;AIR;30;32.2
536;19050201000000;AIR;32;26.0
536;19050301000000;AIR;70;69.8
536;19050401000000;AIR;137;206.9
536;19050501000000;AIR;170;312.7
536;19050601000000;AIR;51;88.7
536;19050701000000;AIR;47;62.1
536;19050801000000;AIR;185;324.0
536;19050901000000;AIR;185;351.3
536;19051001000000;AIR;12;26.4
536;19051101000000;AIR;124;271.1
536;19051201000000;AIR;20;22.6
536;19060101000000;AIR;51;55.1
536;19060201000000;AIR;84;68.7
536;19060301000000;AIR;84;82.9
536;19060401000000;AIR;103;155.2
536;19060501000000;AIR;35;64.8
536;19060601000000;AIR;14;25.3
536;19060701000000;AIR;70;93.3
536;19060801000000;AIR;39;68.2
536;19060901000000;AIR;34;63.7
536;19061001000000;AIR;67;145.5
536;19061101000000;AIR;228;499.7
536;19061201000000;AIR;48;55.1
536;19070101000000;AIR;38;40.8
536;19070201000000;AIR;41;33.9
536;19070301000000;AIR;56;55.6
536;19070401000000;AIR;46;70.4
536;19070501000000;AIR;77;140.9
536;19070601000000;AIR;117;204.2
536;19070701000000;AIR;162;215.5
536;19070801000000;AIR;69;120.4
536;19070901000000;AIR;102;192.7
536;19071001000000;AIR;327;709.5
536;19071101000000;AIR;28;60.8
536;19071201000000;AIR;144;165.4
536;19080101000000;AIR;14;15.0
536;19080201000000;AIR;100;82.0
536;19080301000000;AIR;128;126.5
536;19080401000000;AIR;82;124.1
536;19080501000000;AIR;173;317.7
536;19080601000000;AIR;94;165.2
536;19080701000000;AIR;157;208.8
536;19080801000000;AIR;100;175.4
536;19080901000000;AIR;70;133.6
536;19081001000000;AIR;50;107.7
536;19081101000000;AIR;28;61.6
536;19081201000000;AIR;29;33.2
536;19090101000000;AIR;12;13.3
536;19090201000000;AIR;91;74.2
536;19090301000000;AIR;125;124.3
536;19090401000000;AIR;96;145.0
536;19090501000000;AIR;81;149.0
536;19090601000000;AIR;174;304.4
536;19090701000000;AIR;100;133.4
536;19090801000000;AIR;137;239.3
536;19090901000000;AIR;61;116.5
536;19091001000000;AIR;144;313.6
536;19091101000000;AIR;32;70.5
536;19091201000000;AIR;178;204.0
536;19100101000000;AIR;167;178.2
536;19100201000000;AIR;96;78.5
536;19100301000000;AIR;116;114.7
536;19100401000000;AIR;144;218.5
536;19100501000000;AIR;53;97.4
536;19100601000000;AIR;100;175.9
536;19100701000000;AIR;114;151.7
536;19100801000000;AIR;84;147.0
536;19100901000000;AIR;41;77.6
536;19101001000000;AIR;136;296.0
536;19101101000000;AIR;91;200.3
536;19101201000000;AIR;338;388.2
536;19110101000000;AIR;7;7.1
536;19110201000000;AIR;85;69.8
536;19110301000000;AIR;141;139.7
536;19110401000000;AIR;32;48.5
536;19110501000000;AIR;49;90.7
536;19110601000000;AIR;143;249.9
536;19110701000000;AIR;4;4.7
536;19110801000000;AIR;132;230.0
536;19110901000000;AIR;68;129.1
536;19111001000000;AIR;181;394.2
536;19111101000000;AIR;154;338.8
536;19111201000000;AIR;115;131.9
536;19120101000000;AIR;104;111.1
536;19120201000000;AIR;191;156.2
536;19120301000000;AIR;149;147.9
536;19120401000000;AIR;21;31.1
536;19120501000000;AIR;52;96.5
536;19120601000000;AIR;74;129.8
536;19120701000000;AIR;145;192.7
536;19120801000000;AIR;215;375.0
536;19120901000000;AIR;8;14.4
536;19121001000000;AIR;108;235.4
536;19121101000000;AIR;41;90.1
536;19121201000000;AIR;52;59.3
536;19130101000000;AIR;69;74.2
536;19130201000000;AIR;11;9.0
536;19130301000000;AIR;249;247.1
536;19130401000000;AIR;142;215.1
536;19130501000000;AIR;63;116.6
536;19130601000000;AIR;29;50.9
536;19130701000000;AIR;58;76.5
536;19130801000000;AIR;65;113.7
536;19130901000000;AIR;162;307.7
536;19131001000000;AIR;222;482.2
536;19131101000000;AIR;95;209.5
536;19131201000000;AIR;42;47.7
536;19140101000000;AIR;72;77.1
536;19140201000000;AIR;208;170.3
536;19140301000000;AIR;192;190.3
536;19140401000000;AIR;51;77.0
536;19140501000000;AIR;157;289.3
536;19140601000000;AIR;101;177.7
536;19140701000000;AIR;213;283.4
536;19140801000000;AIR;151;264.6
536;19140901000000;AIR;47;88.4
536;19141001000000;AIR;173;374.8
536;19141101000000;AIR;23;51.3
536;19141201000000;AIR;170;195.8
536;19150101000000;AIR;128;136.5
536;19150201000000;AIR;249;204.1
536;19150301000000;AIR;109;108.2
536;19150401000000;AIR;61;92.5
536;19150501000000;AIR;65;118.8
536;19150601000000;AIR;36;62.3
536;19150701000000;AIR;190;253.3
536;19150801000000;AIR;34;59.0
536;19150901000000;AIR;141;267.3
536;19151001000000;AIR;16;33.9
536;19151101000000;AIR;26;57.5
536;19151201000000;AIR;168;192.7
536;19160101000000;AIR;19;20.1
536;19160201000000;AIR;349;285.6
536;19160301000000;AIR;299;296.6
536;19160401000000;AIR;105;158.4
536;19160501000000;AIR;108;199.3
536;19160601000000;AIR;138;241.0
536;19160701000000;AIR;138;182.9
536;19160801000000;AIR;100;174.5
536;19160901000000;AIR;81;152.8
536;19161001000000;AIR;59;127.8
536;19161101000000;AIR;90;198.0
536;19161201000000;AIR;267;306.6
536;19170101000000;AIR;54;57.5
536;19170201000000;AIR;8;6.9
536;19170301000000;AIR;185;183.2
536;19170401000000;AIR;172;260.6
536;19170501000000;AIR;198;363.4
536;19170601000000;AIR;77;134.0
536;19170701000000;AIR;212;281.4
536;19170801000000;AIR;184;321.7
536;19170901000000;AIR;42;79.0
536;19171001000000;AIR;159;346.4
536;19171101000000;AIR;22;49.2
536;19171201000000;AIR;50;57.1
536;19180101000000;AIR;63;67.7
536;19180201000000;AIR;13;10.5
536;19180301000000;AIR;157;156.2
536;19180401000000;AIR;166;251.6
536;19180501000000;AIR;61;113.0
536;19180601000000;AIR;266;465.7
536;19180701000000;AIR;76;101.2
536;19180801000000;AIR;66;115.1
536;19180901000000;AIR;201;382.2
536;19181001000000;AIR;77;166.8
536;19181101000000;AIR;49;106.9
536;19181201000000;AIR;259;297.8
536;19190101000000;AIR;227;243.1
536;19190201000000;AIR;76;62.3
536;19190301000000;AIR;90;89.1
536;19190401000000;AIR;100;151.9
536;19190501000000;AIR;7;12.1
536;19190601000000;AIR;36;63.7
536;19190701000000;AIR;118;157.6
536;19190801000000;AIR;38;66.9
536;19190901000000;AIR;127;241.2
536;19191001000000;AIR;59;128.5
536;19191101000000;AIR;101;221.5
536;19191201000000;AIR;167;191.6
536;19200101000000;AIR;166;177.6
536;19200201000000;AIR;16;13.2
536;19200301000000;AIR;242;240.1
536;19200401000000;AIR;183;277.7
536;19200501000000;AIR;73;133.9
536;19200601000000;AIR;43;74.5
536;19200701000000;AIR;188;249.6
536;19200801000000;AIR;36;62.9
536;19200901000000;AIR;222;420.3
536;19201001000000;AIR;57;123.9
536;19201101000000;AIR;42;92.5
536;19201201000000;AIR;39;44.5
536;19210101000000;AIR;63;66.9
536;19210201000000;AIR;40;33.0
536;19210301000000;AIR;48;47.9
536;19210401000000;AIR;59;89.8
536;19210501000000;AIR;48;87.5
536;19210601000000;AIR;48;84.5
536;19210701000000;AIR;86;114.2
536;19210801000000;AIR;203;354.6
536;19210901000000;AIR;47;89.1
536;19211001000000;AIR;3;7.1
536;19211101000000;AIR;35;75.9
536;19211201000000;AIR;5;5.4
536;19220101000000;AIR;149;159.0
536;19220201000000;AIR;58;47.4
536;19220301000000;AIR;293;290.3
536;19220401000000;AIR;125;189.8
536;19220501000000;AIR;42;77.1
536;19220601000000;AIR;75;131.6
536;19220701000000;AIR;149;198.3
536;19220801000000;AIR;183;320.5
536;19220901000000;AIR;153;289.3
536;19221001000000;AIR;70;153.0
536;19221101000000;AIR;26;56.3
536;19221201000000;AIR;175;200.7
536;19230101000000;AIR;4;4.4
536;19230201000000;AIR;26;21.0
536;19230301000000;AIR;13;12.4
536;19230401000000;AIR;128;193.1
536;19230501000000;AIR;215;395.8
536;19230601000000;AIR;9;15.2
536;19230701000000;AIR;35;46.9
536;19230801000000;AIR;112;195.2
536;19230901000000;AIR;114;215.9
536;19231001000000;AIR;246;534.3
536;19231101000000;AIR;145;317.7
536;19231201000000;AIR;180;206.8
536;19240101000000;AIR;35;37.1
536;19240201000000;AIR;59;48.2
536;19240301000000;AIR;100;99.1
536;19240401000000;AIR;54;81.8
536;19240501000000;AIR;202;371.0
536;19240601000000;AIR;73;127.6
536;19240701000000;AIR;115;153.6
536;19240801000000;AIR;164;286.7
536;19240901000000;AIR;169;320.8
536;19241001000000;AIR;115;250.5
536;19241101000000;AIR;32;71.3
536;19241201000000;AIR;86;98.4
536;19250101000000;AIR;9;9.4
536;19250201000000;AIR;461;377.7
536;19250301000000;AIR;140;138.4
536;19250401000000;AIR;59;89.5
536;19250501000000;AIR;120;220.7
536;19250601000000;AIR;3;5.7
536;19250701000000;AIR;154;204.5
536;19250801000000;AIR;159;277.4
536;19250901000000;AIR;208;395.1
536;19251001000000;AIR;62;134.3
536;19251101000000;AIR;37;80.4
536;19251201000000;AIR;143;164.4
536;19260101000000;AIR;80;86.1
536;19260201000000;AIR;268;219.5
536;19260301000000;AIR;95;94.6
536;19260401000000;AIR;98;149.1
536;19260501000000;AIR;204;376.2
536;19260601000000;AIR;67;117.9
536;19260701000000;AIR;110;146.9
536;19260801000000;AIR;32;55.1
536;19260901000000;AIR;42;80.4
536;19261001000000;AIR;194;421.6
536;19261101000000;AIR;396;868.5
536;19261201000000;AIR;23;26.4
536;19270101000000;AIR;73;78.0
536;19270201000000;AIR;88;72.1
536;19270301000000;AIR;205;203.3
536;19270401000000;AIR;95;143.8
536;19270501000000;AIR;48;87.4
536;19270601000000;AIR;223;390.5
536;19270701000000;AIR;218;290.0
536;19270801000000;AIR;151;264.3
536;19270901000000;AIR;208;393.9
536;19271001000000;AIR;25;54.6
536;19271101000000;AIR;190;416.4
536;19271201000000;AIR;93;107.4
536;19280101000000;AIR;46;49.7
536;19280201000000;AIR;131;107.6
536;19280301000000;AIR;260;258.2
536;19280401000000;AIR;227;344.0
536;19280501000000;AIR;87;160.5
536;19280601000000;AIR;106;184.9
536;19280701000000;AIR;24;32.2
536;19280801000000;AIR;103;179.9
536;19280901000000;AIR;26;49.6
536;19281001000000;AIR;324;703.2
536;19281101000000;AIR;113;247.5
536;19281201000000;AIR;45;52.1
536;19290101000000;AIR;14;14.8
536;19290201000000;AIR;4;3.3
536;19290301000000;AIR;10;10.2
536;19290401000000;AIR;265;400.6
536;19290501000000;AIR;87;160.8
536;19290601000000;AIR;51;89.5
536;19290701000000;AIR;87;115.9
536;19290801000000;AIR;105;183.9
536;19290901000000;AIR;19;35.3
536;19291001000000;AIR;164;356.5
536;19291101000000;AIR;53;115.2
536;19291201000000;AIR;126;144.5
536;19300101000000;AIR;93;99.7
536;19300201000000;AIR;31;25.0
536;19300301000000;AIR;105;104.1
536;19300401000000;AIR;156;235.5
536;19300501000000;AIR;106;194.7
536;19300601000000;AIR;95;167.0
536;19300701000000;AIR;149;198.1
536;19300801000000;AIR;72;126.6
536;19300901000000;AIR;89;168.7
536;19301001000000;AIR;29;62.0
536;19301101000000;AIR;155;340.6
536;19301201000000;AIR;35;40.1
536;19310101000000;AIR;85;90.5
536;19310201000000;AIR;189;154.7
536;19310301000000;AIR;81;80.2
536;19310401000000;AIR;36;53.9
536;19310501000000;AIR;142;261.5
536;19310601000000;AIR;44;76.4
536;19310701000000;AIR;228;303.8
536;19310801000000;AIR;198;346.9
536;19310901000000;AIR;82;155.1
536;19311001000000;AIR;56;120.6
536;19311101000000;AIR;107;234.2
536;19311201000000;AIR;16;18.6
536;19320101000000;AIR;61;65.0
536;19320201000000;AIR;9;7.4
536;19320301000000;AIR;63;62.9
536;19320401000000;AIR;76;115.2
536;19320501000000;AIR;258;475.2
536;19320601000000;AIR;136;237.5
536;19320701000000;AIR;219;291.0
536;19320801000000;AIR;28;49.3
536;19320901000000;AIR;306;580.5
536;19321001000000;AIR;141;306.3
536;19321101000000;AIR;36;78.3
536;19321201000000;AIR;119;137.3
536;19330101000000;AIR;73;78.6
536;19330201000000;AIR;28;22.9
536;19330301000000;AIR;126;125.2
536;19330401000000;AIR;66;99.6
536;19330501000000;AIR;78;143.9
536;19330601000000;AIR;168;295.0
536;19330701000000;AIR;136;181.5
536;19330801000000;AIR;17;29.1
536;19330901000000;AIR;163;309.9
536;19331001000000;AIR;93;202.5
536;19331101000000;AIR;115;251.7
536;19331201000000;AIR;59;68.3
536;19340101000000;AIR;36;38.6
536;19340201000000;AIR;84;69.0
536;19340301000000;AIR;193;191.0
536;19340401000000;AIR;176;265.8
536;19340501000000;AIR;34;62.6
536;19340601000000;AIR;66;114.9
536;19340701000000;AIR;69;92.4
536;19340801000000;AIR;187;327.6
536;19340901000000;AIR;24;45.1
536;19341001000000;AIR;40;86.3
536;19341101000000;AIR;184;404.7
536;19341201000000;AIR;123;141.5
536;19350101000000;AIR;20;21.8
536;19350201000000;AIR;230;188.3
536;19350301000000;AIR;26;25.3
536;19350401000000;AIR;90;135.7
536;19350501000000;AIR;119;218.4
536;19350601000000;AIR;117;204.0
536;19350701000000;AIR;58;77.2
536;19350801000000;AIR;249;435.7
536;19350901000000;AIR;70;133.5
536;19351001000000;AIR;215;466.3
536;19351101000000;AIR;187;410.1
536;19351201000000;AIR;298;342.3
536;19360101000000;AIR;203;217.4
536;19360201000000;AIR;121;99.0
536;19360301000000;AIR;205;203.1
536;19360401000000;AIR;129;195.3
536;19360501000000;AIR;69;127.3
536;19360601000000;AIR;63;109.6
536;19360701000000;AIR;277;367.8
536;19360801000000;AIR;26;45.9
536;19360901000000;AIR;120;227.4
536;19361001000000;AIR;20;43.6
536;19361101000000;AIR;57;125.5
536;19361201000000;AIR;145;166.4
536;19370101000000;AIR;80;86.1
536;19370201000000;AIR;237;194.5
536;19370301000000;AIR;343;340.7
536;19370401000000;AIR;61;92.7
536;19370501000000;AIR;158;291.3
536;19370601000000;AIR;65;113.0
536;19370701000000;AIR;71;94.0
536;19370801000000;AIR;52;90.4
536;19370901000000;AIR;214;405.1
536;19371001000000;AIR;199;432.9
536;19371101000000;AIR;34;74.7
536;19371201000000;AIR;93;107.1
536;19380101000000;AIR;85;91.2
536;19380201000000;AIR;26;21.7
536;19380301000000;AIR;27;26.5
536;19380401000000;AIR;20;30.3
536;19380501000000;AIR;100;184.5
536;19380601000000;AIR;152;266.0
536;19380701000000;AIR;236;313.9
536;19380801000000;AIR;84;147.6
536;19380901000000;AIR;96;181.4
536;19381001000000;AIR;50;107.7
536;19381101000000;AIR;59;129.0
536;19381201000000;AIR;100;114.5
536;19390101000000;AIR;201;214.8
536;19390201000000;AIR;103;84.1
536;19390301000000;AIR;67;66.6
536;19390401000000;AIR;253;383.3
536;19390501000000;AIR;139;256.6
536;19390601000000;AIR;123;215.5
536;19390701000000;AIR;250;332.0
536;19390801000000;AIR;179;312.3
536;19390901000000;AIR;58;110.7
536;19391001000000;AIR;164;355.6
536;19391101000000;AIR;108;235.9
536;19391201000000;AIR;58;66.7
536;19400101000000;AIR;38;40.2
536;19400201000000;AIR;50;41.2
536;19400301000000;AIR;178;176.4
536;19400401000000;AIR;138;209.5
536;19400501000000;AIR;67;123.6
536;19400601000000;AIR;122;213.4
536;19400701000000;AIR;197;261.5
536;19400801000000;AIR;34;60.0
536;19400901000000;AIR;130;245.9
536;19401001000000;AIR;110;239.7
536;19401101000000;AIR;119;261.1
536;19401201000000;AIR;96;110.3
536;19410101000000;AIR;138;147.9
536;19410201000000;AIR;89;73.3
536;19410301000000;AIR;150;148.9
536;19410401000000;AIR;194;293.0
536;19410501000000;AIR;148;271.7
536;19410601000000;AIR;73;127.0
536;19410701000000;AIR;75;99.8
536;19410801000000;AIR;129;224.9
536;19410901000000;AIR;26;49.3
536;19411001000000;AIR;46;99.5
536;19411101000000;AIR;73;160.8
536;19411201000000;AIR;11;13.1
536;19420101000000;AIR;57;61.5
536;19420201000000;AIR;47;38.8
536;19420301000000;AIR;58;57.5
536;19420401000000;AIR;55;82.7
536;19420501000000;AIR;60;110.0
536;19420601000000;AIR;71;123.9
536;19420701000000;AIR;62;82.7
536;19420801000000;AIR;90;156.7
536;19420901000000;AIR;257;487.1
536;19421001000000;AIR;188;408.8
536;19421101000000;AIR;33;73.4
536;19421201000000;AIR;115;132.1
536;19430101000000;AIR;96;102.7
536;19430201000000;AIR;18;14.4
536;19430301000000;AIR;90;89.5
536;19430401000000;AIR;79;119.9
536;19430501000000;AIR;77;142.2
536;19430601000000;AIR;38;66.2
536;19430701000000;AIR;91;121.4
536;19430801000000;AIR;50;88.2
536;19430901000000;AIR;203;385.7
536;19431001000000;AIR;59;128.0
536;19431101000000;AIR;34;74.0
536;19431201000000;AIR;61;69.6
536;19440101000000;AIR;32;34.5
536;19440201000000;AIR;100;82.1
536;19440301000000;AIR;22;21.8
536;19440401000000;AIR;57;86.7
536;19440501000000;AIR;47;86.5
536;19440601000000;AIR;54;93.7
536;19440701000000;AIR;142;189.2
536;19440801000000;AIR;73;128.4
536;19440901000000;AIR;90;169.9
536;19441001000000;AIR;148;320.9
536;19441101000000;AIR;85;186.1
536;19441201000000;AIR;73;84.0
536;19450101000000;AIR;60;64.0
536;19450201000000;AIR;83;68.3
536;19450301000000;AIR;62;61.1
536;19450401000000;AIR;28;42.0
536;19450501000000;AIR;102;187.7
536;19450601000000;AIR;31;54.9
536;19450701000000;AIR;44;59.0
536;19450801000000;AIR;178;310.4
536;19450901000000;AIR;35;66.4
536;19451001000000;AIR;115;250.5
536;19451101000000;AIR;26;57.0
536;19451201000000;AIR;155;178.6
536;19460101000000;AIR;184;196.9
536;19460201000000;AIR;182;149.1
536;19460301000000;AIR;187;185.6
536;19460401000000;AIR;60;91.2
536;19460501000000;AIR;179;328.5
536;19460601000000;AIR;171;299.2
536;19460701000000;AIR;84;111.5
536;19460801000000;AIR;190;332.6
536;19460901000000;AIR;91;173.1
536;19461001000000;AIR;21;45.9
536;19461101000000;AIR;40;88.3
536;19461201000000;AIR;12;13.9
536;19470101000000;AIR;54;57.8
536;19470201000000;AIR;139;114.2
536;19470301000000;AIR;277;274.5
536;19470401000000;AIR;49;74.4
536;19470501000000;AIR;111;204.8
536;19470601000000;AIR;84;147.3
536;19470701000000;AIR;100;132.4
536;19470801000000;AIR;65;113.9
536;19470901000000;AIR;97;184.6
536;19471001000000;AIR;33;71.1
536;19471101000000;AIR;87;190.8
536;19471201000000;AIR;114;131.5
536;19480101000000;AIR;217;232.0
536;19480201000000;AIR;127;104.0
536;19480301000000;AIR;20;20.2
536;19480401000000;AIR;119;180.1
536;19480501000000;AIR;109;200.4
536;19480601000000;AIR;101;176.8
536;19480701000000;AIR;91;120.6
536;19480801000000;AIR;160;279.0
536;19480901000000;AIR;157;298.2
536;19481001000000;AIR;69;150.5
536;19481101000000;AIR;9;20.1
536;19481201000000;AIR;38;43.5
536;19490101000000;AIR;98;104.9
536;19490201000000;AIR;2;1.7
536;19490301000000;AIR;28;27.9
536;19490401000000;AIR;101;152.2
536;19490501000000;AIR;173;318.1
536;19490601000000;AIR;26;44.7
536;19490701000000;AIR;29;38.5
536;19490801000000;AIR;60;104.5
536;19490901000000;AIR;45;85.2
536;19491001000000;AIR;56;122.3
536;19491101000000;AIR;88;192.5
536;19491201000000;AIR;101;115.6
536;19500101000000;AIR;58;62.5
536;19500201000000;AIR;246;201.5
536;19500301000000;AIR;15;14.8
536;19500401000000;AIR;109;165.2
536;19500501000000;AIR;187;343.9
536;19500601000000;AIR;60;104.6
536;19500701000000;AIR;85;113.3
536;19500801000000;AIR;204;356.2
536;19500901000000;AIR;82;156.4
536;19501001000000;AIR;3;6.0
536;19501101000000;AIR;174;382.6
536;19501201000000;AIR;108;123.7
536;19510101000000;AIR;203;217.0
536;19510201000000;AIR;408;333.8
536;19510301000000;AIR;141;140.0
536;19510401000000;AIR;113;170.6
536;19510501000000;AIR;109;201.1
536;19510601000000;AIR;115;202.2
536;19510701000000;AIR;44;58.7
536;19510801000000;AIR;203;355.2
536;19510901000000;AIR;24;46.2
536;19511001000000;AIR;94;203.5
536;19511101000000;AIR;349;765.9
536;19511201000000;AIR;15;16.9
536;19520101000000;AIR;87;93.4
536;19520201000000;AIR;55;44.7
536;19520301000000;AIR;98;97.7
536;19520401000000;AIR;152;229.4
536;19520501000000;AIR;116;213.4
536;19520601000000;AIR;102;178.2
536;19520701000000;AIR;40;53.1
536;19520801000000;AIR;118;205.5
536;19520901000000;AIR;130;247.4
536;19521001000000;AIR;83;180.8
536;19521101000000;AIR;89;194.6
536;19521201000000;AIR;95;108.8
536;19530101000000;AIR;12;13.2
536;19530201000000;AIR;19;15.2
536;19530301000000;AIR;6;5.6
536;19530401000000;AIR;144;217.8
536;19530501000000;AIR;13;23.7
536;19530601000000;AIR;158;277.4
536;19530701000000;AIR;123;163.7
536;19530801000000;AIR;36;62.6
536;19530901000000;AIR;178;338.2
536;19531001000000;AIR;182;395.0
536;19531101000000;AIR;9;20.3
536;19531201000000;AIR;23;26.6
536;19540101000000;AIR;65;69.6
536;19540201000000;AIR;96;78.7
536;19540301000000;AIR;92;91.2
536;19540401000000;AIR;100;151.6
536;19540501000000;AIR;83;153.6
536;19540601000000;AIR;166;291.4
536;19540701000000;AIR;77;102.0
536;19540801000000;AIR;313;546.4
536;19540901000000;AIR;98;186.1
536;19541001000000;AIR;30;64.4
536;19541101000000;AIR;55;119.6
536;19541201000000;AIR;338;388.7
536;19550101000000;AIR;193;206.6
536;19550201000000;AIR;258;211.3
536;19550301000000;AIR;43;42.6
536;19550401000000;AIR;7;10.0
536;19550501000000;AIR;72;132.8
536;19550601000000;AIR;155;271.2
536;19550701000000;AIR;117;155.8
536;19550801000000;AIR;34;59.7
536;19550901000000;AIR;35;65.8
536;19551001000000;AIR;93;201.2
536;19551101000000;AIR;22;47.9
536;19551201000000;AIR;59;67.9
536;19560101000000;AIR;110;117.6
536;19560201000000;AIR;15;12.5
536;19560301000000;AIR;286;283.6
536;19560401000000;AIR;142;215.7
536;19560501000000;AIR;58;106.6
536;19560601000000;AIR;77;134.4
536;19560701000000;AIR;176;233.6
536;19560801000000;AIR;258;451.0
536;19560901000000;AIR;132;250.6
536;19561001000000;AIR;37;81.4
536;19561101000000;AIR;17;38.0
536;19561201000000;AIR;6;7.4
536;19570101000000;AIR;70;74.4
536;19570201000000;AIR;225;184.5
536;19570301000000;AIR;112;111.4
536;19570401000000;AIR;23;35.5
536;19570501000000;AIR;60;111.2
536;19570601000000;AIR;220;385.1
536;19570701000000;AIR;87;115.3
536;19570801000000;AIR;154;269.2
536;19570901000000;AIR;20;37.3
536;19571001000000;AIR;19;42.3
536;19571101000000;AIR;121;266.1
536;19571201000000;AIR;161;185.4
536;19580101000000;AIR;84;89.9
536;19580201000000;AIR;232;190.0
536;19580301000000;AIR;72;71.4
536;19580401000000;AIR;97;146.2
536;19580501000000;AIR;209;384.1
536;19580601000000;AIR;82;143.6
536;19580701000000;AIR;175;232.8
536;19580801000000;AIR;242;422.4
536;19580901000000;AIR;74;140.7
536;19581001000000;AIR;120;261.3
536;19581101000000;AIR;46;101.0
536;19581201000000;AIR;189;216.7
536;19590101000000;AIR;103;110.6
536;19590201000000;AIR;15;12.1
536;19590301000000;AIR;159;157.9
536;19590401000000;AIR;119;179.8
536;19590501000000;AIR;14;25.5
536;19590601000000;AIR;37;65.2
536;19590701000000;AIR;71;94.1
536;19590801000000;AIR;50;87.5
536;19590901000000;AIR;18;33.8
536;19591001000000;AIR;98;213.4
536;19591101000000;AIR;128;281.2
536;19591201000000;AIR;167;192.3
536;19600101000000;AIR;132;141.5
536;19600201000000;AIR;90;74.1
536;19600301000000;AIR;104;103.1
536;19600401000000;AIR;31;47.3
536;19600501000000;AIR;143;263.7
536;19600601000000;AIR;94;163.8
536;19600701000000;AIR;172;228.8
536;19600801000000;AIR;132;231.6
536;19600901000000;AIR;168;319.4
536;19601001000000;AIR;240;520.2
536;19601101000000;AIR;74;161.3
536;19601201000000;AIR;174;199.6
536;19610101000000;AIR;50;53.3
536;19610201000000;AIR;194;158.5
536;19610301000000;AIR;10;10.1
536;19610401000000;AIR;111;168.5
536;19610501000000;AIR;60;110.4
536;19610601000000;AIR;86;149.9
536;19610701000000;AIR;76;101.7
536;19610801000000;AIR;103;180.8
536;19610901000000;AIR;23;43.8
536;19611001000000;AIR;121;262.8
536;19611101000000;AIR;79;173.9
536;19611201000000;AIR;96;110.5
536;19620101000000;AIR;88;94.0
536;19620201000000;AIR;102;83.5
536;19620301000000;AIR;71;70.1
536;19620401000000;AIR;110;166.2
536;19620501000000;AIR;90;165.9
536;19620601000000;AIR;26;45.6
536;19620701000000;AIR;19;25.7
536;19620801000000;AIR;73;128.1
536;19620901000000;AIR;38;72.5
536;19621001000000;AIR;9;20.6
536;19621101000000;AIR;89;195.7
536;19621201000000;AIR;121;139.6
536;19630101000000;AIR;56;60.3
536;19630201000000;AIR;26;21.4
536;19630301000000;AIR;90;88.8
536;19630401000000;AIR;115;174.7
536;19630501000000;AIR;59;108.1
536;19630601000000;AIR;155;270.6
536;19630701000000;AIR;75;100.4
536;19630801000000;AIR;120;208.9
536;19630901000000;AIR;115;218.9
536;19631001000000;AIR;68;148.2
536;19631101000000;AIR;235;514.6
536;19631201000000;AIR;21;23.7
536;19640101000000;AIR;62;66.3
536;19640201000000;AIR;61;50.2
536;19640301000000;AIR;103;101.8
536;19640401000000;AIR;164;248.6
536;19640501000000;AIR;33;61.6
536;19640601000000;AIR;116;203.4
536;19640701000000;AIR;35;45.9
536;19640801000000;AIR;62;108.3
536;19640901000000;AIR;28;53.4
536;19641001000000;AIR;77;166.4
536;19641101000000;AIR;68;148.2
536;19641201000000;AIR;62;71.3
536;19650101000000;AIR;69;74.1
536;19650201000000;AIR;8;6.2
536;19650301000000;AIR;90;88.8
536;19650401000000;AIR;20;30.1
536;19650501000000;AIR;109;200.2
536;19650601000000;AIR;78;136.3
536;19650701000000;AIR;120;160.1
536;19650801000000;AIR;147;257.6
536;19650901000000;AIR;310;588.0
536;19651001000000;AIR;24;52.4
536;19651101000000;AIR;53;117.0
536;19651201000000;AIR;122;140.6
536;19660101000000;AIR;33;35.5
536;19660201000000;AIR;237;194.1
536;19660301000000;AIR;25;24.4
536;19660401000000;AIR;112;169.0
536;19660501000000;AIR;77;141.1
536;19660601000000;AIR;53;93.4
536;19660701000000;AIR;107;142.1
536;19660801000000;AIR;97;170.2
536;19660901000000;AIR;21;39.9
536;19661001000000;AIR;194;420.3
536;19661101000000;AIR;128;280.0
536;19661201000000;AIR;77;87.9
536;19670101000000;AIR;15;15.6
536;19670201000000;AIR;134;109.8
536;19670301000000;AIR;212;210.5
536;19670401000000;AIR;79;118.9
536;19670501000000;AIR;172;316.8
536;19670601000000;AIR;59;102.7
536;19670701000000;AIR;57;75.6
536;19670801000000;AIR;71;124.4
536;19670901000000;AIR;126;238.3
536;19671001000000;AIR;51;111.5
536;19671101000000;AIR;93;204.3
536;19671201000000;AIR;15;17.7
536;19680101000000;AIR;143;153.2
536;19680201000000;AIR;233;190.8
536;19680301000000;AIR;75;74.1
536;19680401000000;AIR;144;218.0
536;19680501000000;AIR;172;316.7
536;19680601000000;AIR;42;73.7
536;19680701000000;AIR;97;128.9
536;19680801000000;AIR;109;191.4
536;19680901000000;AIR;152;288.0
536;19681001000000;AIR;36;78.5
536;19681101000000;AIR;199;435.8
536;19681201000000;AIR;76;87.0
536;19690101000000;AIR;70;74.9
536;19690201000000;AIR;89;72.8
536;19690301000000;AIR;43;42.7
536;19690401000000;AIR;41;62.5
536;19690501000000;AIR;210;386.5
536;19690601000000;AIR;141;246.3
536;19690701000000;AIR;46;61.0
536;19690801000000;AIR;57;99.9
536;19690901000000;AIR;54;103.3
536;19691001000000;AIR;0;0.3
536;19691101000000;AIR;100;218.4
536;19691201000000;AIR;47;53.9
536;19700101000000;AIR;126;135.2
536;19700201000000;AIR;289;236.7
536;19700301000000;AIR;97;96.1
536;19700401000000;AIR;137;207.4
536;19700501000000;AIR;49;89.8
536;19700601000000;AIR;82;144.3
536;19700701000000;AIR;52;69.8
536;19700801000000;AIR;81;141.5
536;19700901000000;AIR;60;113.8
536;19701001000000;AIR;124;269.7
536;19701101000000;AIR;86;188.3
536;19701201000000;AIR;69;79.0
536;19710101000000;AIR;103;109.9
536;19710201000000;AIR;27;22.2
536;19710301000000;AIR;182;180.6
536;19710401000000;AIR;105;159.5
536;19710501000000;AIR;119;218.9
536;19710601000000;AIR;121;211.7
536;19710701000000;AIR;53;70.1
536;19710801000000;AIR;79;138.4
536;19710901000000;AIR;14;26.4
536;19711001000000;AIR;7;15.2
536;19711101000000;AIR;129;282.9
536;19711201000000;AIR;71;82.0
536;19720101000000;AIR;62;66.4
536;19720201000000;AIR;221;181.1
536;19720301000000;AIR;170;168.5
536;19720401000000;AIR;109;165.6
536;19720501000000;AIR;59;109.4
536;19720601000000;AIR;172;301.1
536;19720701000000;AIR;84;111.1
536;19720801000000;AIR;46;80.1
536;19720901000000;AIR;77;146.7
536;19721001000000;AIR;46;99.1
536;19721101000000;AIR;70;153.0
536;19721201000000;AIR;95;109.6
536;19730101000000;AIR;47;50.0
536;19730201000000;AIR;35;28.6
536;19730301000000;AIR;6;5.5
536;19730401000000;AIR;61;92.0
536;19730501000000;AIR;113;207.1
536;19730601000000;AIR;110;191.9
536;19730701000000;AIR;212;282.5
536;19730801000000;AIR;58;101.8
536;19730901000000;AIR;55;105.1
536;19731001000000;AIR;59;128.5
536;19731101000000;AIR;33;72.7
536;19731201000000;AIR;236;271.3
536;19740101000000;AIR;50;54.0
536;19740201000000;AIR;278;228.0
536;19740301000000;AIR;157;155.9
536;19740401000000;AIR;42;64.1
536;19740501000000;AIR;36;65.5
536;19740601000000;AIR;78;136.2
536;19740701000000;AIR;115;152.4
536;19740801000000;AIR;94;163.9
536;19740901000000;AIR;93;175.5
536;19741001000000;AIR;48;103.4
536;19741101000000;AIR;135;296.5
536;19741201000000;AIR;55;63.4
536;19750101000000;AIR;181;193.2
536;19750201000000;AIR;33;27.3
536;19750301000000;AIR;186;184.6
536;19750401000000;AIR;149;226.1
536;19750501000000;AIR;113;208.8
536;19750601000000;AIR;52;90.4
536;19750701000000;AIR;63;83.3
536;19750801000000;AIR;54;95.1
536;19750901000000;AIR;253;479.1
536;19751001000000;AIR;37;80.2
536;19751101000000;AIR;82;179.0
536;19751201000000;AIR;14;16.1
536;19760101000000;AIR;17;18.1
536;19760201000000;AIR;44;36.1
536;19760301000000;AIR;16;15.7
536;19760401000000;AIR;78;117.4
536;19760501000000;AIR;16;29.9
536;19760601000000;AIR;38;67.0
536;19760701000000;AIR;56;74.2
536;19760801000000;AIR;110;193.1
536;19760901000000;AIR;220;416.5
536;19761001000000;AIR;299;649.9
536;19761101000000;AIR;133;291.9
536;19761201000000;AIR;69;78.8
536;19770101000000;AIR;144;153.6
536;19770201000000;AIR;232;190.0
536;19770301000000;AIR;196;194.7
536;19770401000000;AIR;203;307.7
536;19770501000000;AIR;168;308.6
536;19770601000000;AIR;113;198.1
536;19770701000000;AIR;184;245.1
536;19770801000000;AIR;224;391.7
536;19770901000000;AIR;5;10.2
536;19771001000000;AIR;231;501.4
536;19771101000000;AIR;54;118.1
536;19771201000000;AIR;89;101.7
536;19780101000000;AIR;189;202.6
536;19780201000000;AIR;336;275.1
536;19780301000000;AIR;205;203.1
536;19780401000000;AIR;112;169.7
536;19780501000000;AIR;87;159.9
536;19780601000000;AIR;82;143.7
536;19780701000000;AIR;133;176.8
536;19780801000000;AIR;121;211.3
536;19780901000000;AIR;7;13.4
536;19781001000000;AIR;41;89.1
536;19781101000000;AIR;1;1.3
536;19781201000000;AIR;122;140.6
536;19790101000000;AIR;113;121.2
536;19790201000000;AIR;95;77.4
536;19790301000000;AIR;359;356.1
536;19790401000000;AIR;55;83.0
536;19790501000000;AIR;84;154.7
536;19790601000000;AIR;51;89.4
536;19790701000000;AIR;77;103.0
536;19790801000000;AIR;62;108.0
536;19790901000000;AIR;44;84.3
536;19791001000000;AIR;297;645.1
536;19791101000000;AIR;59;130.3
536;19791201000000;AIR;182;209.4
536;19800101000000;AIR;73;77.6
536;19800201000000;AIR;98;80.1
536;19800301000000;AIR;133;132.1
536;19800401000000;AIR;2;3.4
536;19800501000000;AIR;72;132.0
536;19800601000000;AIR;136;237.3
536;19800701000000;AIR;249;331.7
536;19800801000000;AIR;50;87.1
536;19800901000000;AIR;8;14.4
536;19801001000000;AIR;145;314.7
536;19801101000000;AIR;19;42.6
536;19801201000000;AIR;21;23.9
536;19940101000000;AIR;306;326.9
536;19940201000000;AIR;158;129.6
536;19940301000000;AIR;16;16.1
536;19940401000000;AIR;48;72.8
536;19940501000000;AIR;143;262.3
536;19940601000000;AIR;35;61.6
536;19940701000000;AIR;31;40.9
536;19940801000000;AIR;69;120.5
536;19940901000000;AIR;227;430.9
536;19941001000000;AIR;48;105.0
536;19941101000000;AIR;92;201.1
536;19941201000000;AIR;50;57.8
536;19950101000000;AIR;167;178.3
536;19950201000000;AIR;132;108.1
536;19950301000000;AIR;62;61.7
536;19950401000000;AIR;216;327.6
536;19950501000000;AIR;84;153.9
536;19950601000000;AIR;47;81.7
536;19950701000000;AIR;56;74.2
536;19950801000000;AIR;58;101.9
536;19950901000000;AIR;143;271.4
536;19951001000000;AIR;26;57.4
536;19951101000000;AIR;62;135.2
536;19951201000000;AIR;67;77.4
536;19960101000000;AIR;194;207.7
536;19960201000000;AIR;82;67.2
536;19960301000000;AIR;27;26.5
536;19960401000000;AIR;14;21.9
536;19960501000000;AIR;266;489.6
536;19960601000000;AIR;32;56.6
536;19960701000000;AIR;193;256.3
536;19960801000000;AIR;134;234.9
536;19960901000000;AIR;17;32.5
536;19961001000000;AIR;62;134.7
536;19961101000000;AIR;254;557.2
536;19961201000000;AIR;59;67.9
536;19970101000000;AIR;95;101.7
536;19970201000000;AIR;57;47.0
536;19970301000000;AIR;19;19.2
536;19970401000000;AIR;34;50.9
536;19970501000000;AIR;93;170.9
536;19970601000000;AIR;272;475.8
536;19970701000000;AIR;138;182.9
536;19970801000000;AIR;96;167.7
536;19970901000000;AIR;6;11.7
536;19971001000000;AIR;41;89.7
536;19971101000000;AIR;148;324.7
536;19971201000000;AIR;123;141.6
536;19980101000000;AIR;82;88.0
536;19980201000000;AIR;19;15.2
536;19980301000000;AIR;19;18.4
536;19980401000000;AIR;310;469.3
536;19980501000000;AIR;71;130.7
536;19980601000000;AIR;118;206.5
536;19980701000000;AIR;95;127.0
536;19980801000000;AIR;60;104.8
536;19980901000000;AIR;198;374.7
536;19981001000000;AIR;94;203.1
536;19981101000000;AIR;26;57.0
536;19981201000000;AIR;28;32.5
536;19990101000000;AIR;166;178.0
536;19990201000000;AIR;214;175.5
536;19990301000000;AIR;166;164.9
536;19990401000000;AIR;91;138.0
536;19990501000000;AIR;114;209.5
536;19990601000000;AIR;197;344.4
536;19990701000000;AIR;91;120.8
536;19990801000000;AIR;110;192.5
536;19990901000000;AIR;190;360.7
536;19991001000000;AIR;155;337.1
536;19991101000000;AIR;42;93.2
536;19991201000000;AIR;120;137.5
536;20000101000000;AIR;73;78.1
536;20000201000000;AIR;96;78.6
536;20000301000000;AIR;94;92.9
536;20000401000000;AIR;242;366.3
536;20000501000000;AIR;62;113.4
536;20000601000000;AIR;35;62.1
536;20000701000000;AIR;150;199.6
536;20000801000000;AIR;66;115.6
536;20000901000000;AIR;162;307.0
536;20001001000000;AIR;317;688.6
536;20001101000000;AIR;227;498.2
536;20001201000000;AIR;118;135.3
536;20010101000000;AIR;99;106.0
536;20010201000000;AIR;164;134.6
536;20010301000000;AIR;229;227.1
536;20010401000000;AIR;62;94.5
536;20010501000000;AIR;127;233.9
536;20010601000000;AIR;125;218.8
536;20010701000000;AIR;207;275.1
536;20010801000000;AIR;121;211.3
536;20010901000000;AIR;68;129.2
536;20011001000000;AIR;80;173.4
536;20011101000000;AIR;8;17.1
536;20011201000000;AIR;35;40.7
536;20020101000000;AIR;17;18.6
536;20020201000000;AIR;146;119.8
536;20020301000000;AIR;102;100.7
536;20020401000000;AIR;32;48.2
536;20020501000000;AIR;323;594.3
536;20020601000000;AIR;113;197.6
536;20020701000000;AIR;141;187.6
536;20020801000000;AIR;78;135.5
536;20020901000000;AIR;22;41.7
536;20021001000000;AIR;50;108.1
536;20021101000000;AIR;391;858.0
536;20021201000000;AIR;42;48.4
536;20030101000000;AIR;50;53.2
536;20030201000000;AIR;55;45.4
536;20030301000000;AIR;0;0.0
536;20030401000000;AIR;79;118.9
536;20030501000000;AIR;34;63.2
536;20030601000000;AIR;32;56.9
536;20030701000000;AIR;102;136.3
536;20030801000000;AIR;86;149.8
536;20030901000000;AIR;34;65.1
536;20031001000000;AIR;68;146.9
536;20031101000000;AIR;94;205.3
536;20031201000000;AIR;128;146.6
536;20040101000000;AIR;140;149.6
536;20040201000000;AIR;81;66.2
536;20040301000000;AIR;30;29.3
536;20040401000000;AIR;78;118.3
536;20040501000000;AIR;68;124.7
536;20040601000000;AIR;30;52.0
536;20040701000000;AIR;75;100.4
536;20040801000000;AIR;134;233.5
536;20040901000000;AIR;34;63.7
536;20041001000000;AIR;175;381.1
536;20041101000000;AIR;62;135.8
536;20041201000000;AIR;58;66.4
536;20050101000000;AIR;38;40.9
536;20050201000000;AIR;44;35.7
536;20050301000000;AIR;25;24.5
536;20050401000000;AIR;82;124.3
536;20050501000000;AIR;87;159.2
536;20050601000000;AIR;72;125.8
536;20050701000000;AIR;82;108.4
536;20050801000000;AIR;107;187.6
536;20050901000000;AIR;48;91.9
536;20051001000000;AIR;17;36.4
536;20051101000000;AIR;9;19.5
536;20051201000000;AIR;61;70.1
536;20060101000000;AIR;59;63.6
536;20060201000000;AIR;111;91.0
536;20060301000000;AIR;130;129.0
536;20060401000000;AIR;54;81.7
536;20060501000000;AIR;95;174.0
536;20060601000000;AIR;44;76.4
536;20060701000000;AIR;38;50.4
536;20060801000000;AIR;116;202.8
536;20060901000000;AIR;64;120.6
536;20061001000000;AIR;61;133.2
536;20061101000000;AIR;50;109.9
536;20061201000000;AIR;147;169.3
536;20070101000000;AIR;89;95.6
536;20070201000000;AIR;76;62.0
536;20070301000000;AIR;129;127.7
536;20070401000000;AIR;8;11.9
536;20070501000000;AIR;151;278.3
536;20070601000000;AIR;158;277.3
536;20070701000000;AIR;110;145.9
536;20070801000000;AIR;107;187.1
536;20070901000000;AIR;24;45.8
536;20071001000000;AIR;8;16.4
536;20071101000000;AIR;57;124.7
536;20071201000000;AIR;54;61.8
536;20080101000000;AIR;174;186.1
536;20080201000000;AIR;59;48.0
536;20080301000000;AIR;84;83.3
536;20080401000000;AIR;92;139.4
536;20080501000000;AIR;155;285.7
536;20080601000000;AIR;56;98.2
536;20080701000000;AIR;150;199.5
536;20080801000000;AIR;122;212.5
536;20080901000000;AIR;208;394.2
536;20081001000000;AIR;124;269.5
536;20081101000000;AIR;103;226.2
536;20081201000000;AIR;113;129.7
536;20090101000000;AIR;58;61.9
536;20090201000000;AIR;221;181.3
536;20090301000000;AIR;152;151.2
536;20090401000000;AIR;156;236.0
536;20090501000000;AIR;33;61.0
536;20090601000000;AIR;96;168.3
536;20090701000000;AIR;113;150.7
536;20090801000000;AIR;64;111.9
536;20090901000000;AIR;46;87.6
536;20091001000000;AIR;27;59.3
536;20091101000000;AIR;111;243.4
536;20091201000000;AIR;117;134.4
536;20100101000000;AIR;39;41.2
536;20100201000000;AIR;87;71.0
536;20100301000000;AIR;135;134.3
536;20100401000000;AIR;40;60.2
536;20100501000000;AIR;177;325.6
536;20100601000000;AIR;105;184.2
536;20100701000000;AIR;53;70.5
536;20100801000000;AIR;99;173.6
536;20100901000000;AIR;61;115.9
536;20101001000000;AIR;87;188.3
536;20101101000000;AIR;104;228.0
536;20101201000000;AIR;119;137.0
536;20110101000000;AIR;37;40.1
536;20110201000000;AIR;71;58.5
536;20110301000000;AIR;63;62.5
536;20110401000000;AIR;2;2.5
536;20110501000000;AIR;26;48.7
536;20110601000000;AIR;122;213.1
536;20110701000000;AIR;249;331.4
536;20110801000000;AIR;100;175.2
536;20110901000000;AIR;69;130.9
536;20111001000000;AIR;41;89.5
536;20111101000000;AIR;97;212.7
536;20111201000000;AIR;203;233.4
536;20120101000000;AIR;126;134.6
536;20120201000000;AIR;2;1.3
536;20120301000000;AIR;92;91.0
536;20120401000000;AIR;147;223.0
536;20120501000000;AIR;41;75.8
536;20120601000000;AIR;120;209.9
536;20120701000000;AIR;109;145.1
536;20120801000000;AIR;152;265.1
536;20120901000000;AIR;103;196.1
536;20121001000000;AIR;62;134.4
536;20121101000000;AIR;134;294.4
536;20121201000000;AIR;135;154.8
536;20130101000000;AIR;22;23.8
536;20130201000000;AIR;50;40.8
536;20130301000000;AIR;45;45.1
536;20130401000000;AIR;221;335.2
536;20130501000000;AIR;196;360.2
536;20130601000000;AIR;47;82.5
536;20130701000000;AIR;83;110.5
536;20130801000000;AIR;94;164.0
536;20130901000000;AIR;83;157.6
536;20131001000000;AIR;118;255.3
536;20131101000000;AIR;58;127.4
536;20131201000000;AIR;222;255.3
536;20140101000000;AIR;161;172.1
536;20140201000000;AIR;288;235.5
536;20140301000000;AIR;67;66.6
536;20140401000000;AIR;50;76.0
536;20140501000000;AIR;91;166.9
536;20140601000000;AIR;81;141.3
536;20140701000000;AIR;141;188.0
536;20140801000000;AIR;110;192.5
536;20140901000000;AIR;17;32.2
536;20141001000000;AIR;104;226.8
536;20141101000000;AIR;289;634.3
536;20141201000000;AIR;42;47.8
536;20150101000000;AIR;174;185.9
536;20150201000000;AIR;110;90.2
536;20150301000000;AIR;123;121.9
536;20150401000000;AIR;38;57.1
536;20150501000000;AIR;102;188.5
536;20150601000000;AIR;57;99.2
536;20150701000000;AIR;37;48.6
536;20150801000000;AIR;126;220.6
536;20150901000000;AIR;221;419.4
536;20151001000000;AIR;76;164.6
536;20151101000000;AIR;21;46.6
536;20151201000000;AIR;1;1.0
536;20160101000000;AIR;118;126.5
536;20160201000000;AIR;186;152.7
536;20160301000000;AIR;121;120.1
536;20160401000000;AIR;186;281.3
536;20160501000000;AIR;88;162.0
536;20160601000000;AIR;111;194.0
536;20160701000000;AIR;61;81.1
536;20160801000000;AIR;30;52.9
536;20160901000000;AIR;50;94.5
536;20161001000000;AIR;44;96.3
536;20161101000000;AIR;97;211.8
536;20161201000000;AIR;16;18.7
536;20170101000000;AIR;31;33.6
536;20170201000000;AIR;110;90.4
536;20170301000000;AIR;234;232.0
536;20170401000000;AIR;72;108.8
536;20170501000000;AIR;61;112.3
536;20170601000000;AIR;117;205.4
536;20170701000000;AIR;95;126.4
536;20170801000000;AIR;107;186.5
536;20170901000000;AIR;58;109.3
536;20171001000000;AIR;6;13.5
536;20171101000000;AIR;32;71.3
536;20171201000000;AIR;148;170.0
536;20180101000000;AIR;280;299.6
536;20180201000000;AIR;31;25.4
536;20180301000000;AIR;166;164.7
536;20180401000000;AIR;148;224.6
536;20180501000000;AIR;61;112.4
536;20180601000000;AIR;52;91.5
536;20180701000000;AIR;39;51.9
536;20180801000000;AIR;70;121.5
536;20180901000000;AIR;18;34.9
536;20181001000000;AIR;185;401.1
536;20181101000000;AIR;153;335.7
536;20181201000000;AIR;108;123.8
536;20190101000000;AIR;40;42.9
536;20190201000000;AIR;53;43.5
536;20190301000000;AIR;105;104.6
536;20190401000000;AIR;208;315.0
536;20190501000000;AIR;31;56.8
536;20190601000000;AIR;160;280.3
536;20190701000000;AIR;35;46.9
536;20190801000000;AIR;150;262.3
536;20190901000000;AIR;32;61.0
536;20191001000000;AIR;192;417.3
536;20191101000000;AIR;155;339.9
536;20191201000000;AIR;172;198.1
536;20200101000000;AIR;38;40.9
536;20200201000000;AIR;94;77.3
536;20200301000000;AIR;43;42.5
536;20200401000000;AIR;30;44.8
536;20200501000000;AIR;70;128.1
536;20200601000000;AIR;85;148.3
536;20200701000000;AIR;43;56.6
536;20200801000000;AIR;134;234.8
536;20200901000000;AIR;35;66.7
536;20201001000000;AIR;205;445.8
536;20201101000000;AIR;4;8.1
536;20201201000000;AIR;158;181.0
536;20210101000000;AIR;169;180.8
536;20210201000000;AIR;64;52.1
536;20210301000000;AIR;34;33.9
536;20210401000000;AIR;43;64.9
536;20210501000000;AIR;127;234.4
536;20210601000000;AIR;114;200.1
536;20210701000000;AIR;342;455.2
536;20210801000000;AIR;35;61.7
536;20210901000000;AIR;41;77.3
536;20211001000000;AIR;93;201.3
536;20211101000000;AIR;42;91.5
536;20211201000000;AIR;47;54.4
536;20220101000000;AIR;14;14.7
536;20220201000000;AIR;55;44.8
536;20220301000000;AIR;18;17.9
536;20220401000000;AIR;56;85.1
536;20220501000000;AIR;46;84.9
536;20220601000000;AIR;87;152.9
536;20220701000000;AIR;44;58.1
536;20220801000000;AIR;30;52.6
536;20220901000000;AIR;55;103.5
536;20221001000000;AIR;100;217.1
536;20221101000000;AIR;23;50.4
536;20221201000000;AIR;99;113.2
